identifiant,email,nom,genre,salaire
0,LaurentDagenais@rhyta.com,Laurent Dagenais,M,250
1,0,M,0,250
2,BeaufortLesage@einrot.com,Beaufort Lesage,M,250
3,RussellDurand@armyspy.com,Russell Durand,M,250
4,AlexisRiel@rhyta.com,0,M,250
5,LeonLapresse@cuvox.de,Leon Lapresse,0,250
6,OrvilleRouthier@gustr.com,Orville Routhier,M,250
7,AgramantPepin@dayrep.com,Agramant Pepin,M,250
8,AiglentinaLambert@fleckens.hu,Aiglentina Lambert,F,250
9,TheodoreClavet@teleworm.us,Theodore Clavet,M,250
10,ByronLefebvre@jourrapide.com,Byron Lefebvre,M,250
11,FlorusDevoe@einrot.com,Florus Devoe,M,250
12,NormandArsenault@armyspy.com,Normand Arsenault,M,250
13,AcelineHughes@jourrapide.com,Aceline Hughes,F,250
14,GastonBrisette@superrito.com,Gaston Brisette,M,250
15,AgateGrandbois@gustr.com,Agate Grandbois,F,250
16,AgricanFoucault@jourrapide.com,Agrican Foucault,M,250
17,PrunellaJosseaume@armyspy.com,Prunella Josseaume,F,250
18,YseultCharest@armyspy.com,Yseult Charest,F,250
19,DorotheeAupry@cuvox.de,Dorothee Aupry,F,250
20,AmauryReault@teleworm.us,Amaury Reault,M,250
21,GillesBeauchamps@superrito.com,Gilles Beauchamps,M,250
22,FranckDumont@gustr.com,Franck Dumont,M,250
23,DelmareLHeureux@dayrep.com,Delmare L Heureux,F,250
24,AlphonseCantin@cuvox.de,Alphonse Cantin,M,250
25,BlondelleRochon@gustr.com,Blondelle Rochon,F,250
26,SavilleBernard@armyspy.com,Saville Bernard,M,250
27,AnnetteJolicoeur@armyspy.com,Annette Jolicoeur,F,250
28,BradamateMichel@armyspy.com,Bradamate Michel,F,250
29,HilaireFrappier@armyspy.com,Hilaire Frappier,F,250
30,MarieBriard@gustr.com,Marie Briard,F,250
31,MadeleineBatard@superrito.com,Madeleine Batard,F,250
32,ArberGarcia@dayrep.com,Arber Garcia,M,250
33,SaberViens@superrito.com,Saber Viens,M,250
34,ArnaudDubois@rhyta.com,Arnaud Dubois,M,250
35,PryorBeauchamp@dayrep.com,Pryor Beauchamp,M,250
36,AlphonsePotvin@armyspy.com,Alphonse Potvin,M,250
37,FitzLafontaine@dayrep.com,Fitz Lafontaine,M,250
38,DelmareLamothe@gustr.com,Delmare Lamothe,F,250
39,DaisiBoileau@jourrapide.com,Daisi Boileau,F,250
40,SomerPaquette@jourrapide.com,Somer Paquette,M,250
41,OlivieCourtemanche@armyspy.com,Olivie Courtemanche,F,250
42,GermainHughes@teleworm.us,Germain Hughes,M,250
43,MorganaBellemare@superrito.com,Morgana Bellemare,F,250
44,MerciMorin@gustr.com,Merci Morin,F,250
45,VerneyBedard@dayrep.com,Verney Bedard,M,250
46,IgnaceAudibert@armyspy.com,Ignace Audibert,M,250
47,FranckBinet@superrito.com,Franck Binet,M,250
48,SumnerRocheleau@einrot.com,Sumner Rocheleau,M,250
49,AubertPatel@armyspy.com,Aubert Patel,M,250
50,SumnerLaprise@superrito.com,Sumner Laprise,M,250
51,MadeleineLeveille@dayrep.com,Madeleine Leveille,F,250
52,BelisardaGuedry@dayrep.com,Belisarda Guedry,F,250
53,ZurieTheberge@gustr.com,Zurie Theberge,F,250
54,ErmengardiBousquet@dayrep.com,Ermengardi Bousquet,F,250
55,FlorenceBeaudoin@einrot.com,Florence Beaudoin,F,250
56,LeoneCrete@armyspy.com,Leone Crete,F,250
57,SearlaitCote@superrito.com,Searlait Cote,F,250
58,AlphonsineBourassa@cuvox.de,Alphonsine Bourassa,F,250
59,DidianeDAubigne@einrot.com,Didiane D Aubigne,F,250
60,EdouardLacroix@cuvox.de,Edouard Lacroix,M,250
61,OdeletteCharron@superrito.com,Odelette Charron,F,250
62,AleronBerard@rhyta.com,Aleron Berard,M,250
63,SylvieDuranseau@einrot.com,Sylvie Duranseau,F,250
64,YvetteDAvis@cuvox.de,Yvette D Avis,F,250
65,SolaineLecuyer@dayrep.com,Solaine Lecuyer,F,250
66,CourtlandDavid@cuvox.de,Courtland David,M,250
67,PatienceCharbonneau@jourrapide.com,Patience Charbonneau,F,250
68,EmmanuelLanctot@cuvox.de,Emmanuel Lanctot,M,250
69,MusetteProvencher@armyspy.com,Musette Provencher,F,250
70,MorganaMarchesseault@teleworm.us,Morgana Marchesseault,F,250
71,ViolletteArnoux@cuvox.de,Viollette Arnoux,F,250
72,SlainieGregoire@cuvox.de,Slainie Gregoire,F,250
73,GarlandLagueux@rhyta.com,Garland Lagueux,F,250
74,FerragusGrimard@cuvox.de,Ferragus Grimard,M,250
75,JeanTollmache@einrot.com,Jean Tollmache,M,250
76,LanceParent@teleworm.us,Lance Parent,M,250
77,CheneyChaloux@cuvox.de,Cheney Chaloux,M,250
78,PierpontLamarre@superrito.com,Pierpont Lamarre,M,250
79,ComforteQuerry@superrito.com,Comforte Querry,F,250
80,NadineMasson@teleworm.us,Nadine Masson,F,250
81,FranceLaderoute@jourrapide.com,France Laderoute,F,250
82,LothairBonenfant@dayrep.com,Lothair Bonenfant,M,250
83,OlivieNorbert@cuvox.de,Olivie Norbert,F,250
84,SomerMarleau@cuvox.de,Somer Marleau,M,250
85,AstridJolicoeur@superrito.com,Astrid Jolicoeur,F,250
86,OlivierGaillard@superrito.com,Olivier Gaillard,M,250
87,PhilipPinneau@teleworm.us,Philip Pinneau,M,250
88,AlexisLagrange@gustr.com,Alexis Lagrange,M,250
89,HeloiseGregoire@dayrep.com,Heloise Gregoire,F,250
90,DexterDavid@fleckens.hu,Dexter David,M,250
91,JacquesMethot@cuvox.de,Jacques Methot,M,250
92,AnceloteDesforges@cuvox.de,Ancelote Desforges,F,250
93,JulietteOuellet@rhyta.com,Juliette Ouellet,F,250
94,AvrilSylvain@superrito.com,Avril Sylvain,F,250
95,RachellePlaisance@armyspy.com,Rachelle Plaisance,F,250
96,BenjaminLabrie@fleckens.hu,Benjamin Labrie,M,250
97,LaureBondy@superrito.com,Laure Bondy,F,250
98,NatalieLeveille@rhyta.com,Natalie Leveille,F,250
99,SydneyGuibord@superrito.com,Sydney Guibord,F,250
100,ZdenekVadnais@superrito.com,Zdenek Vadnais,M,250
101,LoyalQuenneville@superrito.com,Loyal Quenneville,M,250
102,ErnestTachel@cuvox.de,Ernest Tachel,M,250
103,MatthieuPouchard@teleworm.us,Matthieu Pouchard,M,250
104,SearlasArtois@rhyta.com,Searlas Artois,M,250
105,ArnoLeBatelier@einrot.com,Arno Le Batelier,M,250
106,EstellePoisson@jourrapide.com,Estelle Poisson,F,250
107,HarcourtCharpentier@cuvox.de,Harcourt Charpentier,M,250
108,CrescentLavallee@armyspy.com,Crescent Lavallee,F,250
109,EugeniaVadeboncoeur@cuvox.de,Eugenia Vadeboncoeur,F,250
110,GenevreLabrie@cuvox.de,Genevre Labrie,F,250
111,NormandCote@dayrep.com,Normand Cote,M,250
112,ZoeLeclair@gustr.com,Zoe Leclair,F,250
113,PhillipaPerrault@einrot.com,Phillipa Perrault,F,250
114,EliseDesrosiers@jourrapide.com,Elise Desrosiers,F,250
115,RussellRochon@superrito.com,Russell Rochon,M,250
116,BeldaLauzier@armyspy.com,Belda Lauzier,F,250
117,AlphonsineSacre@einrot.com,Alphonsine Sacre,F,250
118,AubineLabelle@cuvox.de,Aubine Labelle,F,250
119,EmileVadnais@rhyta.com,Emile Vadnais,M,250
120,ArienneCantin@superrito.com,Arienne Cantin,F,250
121,JacquesMarcheterre@einrot.com,Jacques Marcheterre,M,250
122,EliotDupuis@gustr.com,Eliot Dupuis,M,250
123,ArthurPlante@jourrapide.com,Arthur Plante,M,250
124,SacripantLabrie@armyspy.com,Sacripant Labrie,M,250
125,SibylaLizotte@cuvox.de,Sibyla Lizotte,F,250
126,ChristianLaberge@armyspy.com,Christian Laberge,M,250
127,VickDavid@gustr.com,Vick David,M,250
128,ComforteCloutier@einrot.com,Comforte Cloutier,F,250
129,ClaudeGalarneau@armyspy.com,Claude Galarneau,M,250
130,ElisePerrault@superrito.com,Elise Perrault,F,250
131,LoringRocheleau@cuvox.de,Loring Rocheleau,M,250
132,MathildeSansouci@superrito.com,Mathilde Sansouci,F,250
133,AmaurySirois@superrito.com,Amaury Sirois,M,250
134,ChristelleLandry@jourrapide.com,Christelle Landry,F,250
135,AdelaideBrousse@gustr.com,Adelaide Brousse,F,250
136,BriceFaure@einrot.com,Brice Faure,M,250
137,AlaineHervieux@rhyta.com,Alaine Hervieux,F,250
138,LanceCroteau@einrot.com,Lance Croteau,M,250
139,AurelieBazinet@dayrep.com,Aurelie Bazinet,F,250
140,AstolphoVeronneau@teleworm.us,Astolpho Veronneau,M,250
141,JolieDeblois@armyspy.com,Jolie Deblois,F,250
142,MireilleParenteau@superrito.com,Mireille Parenteau,F,250
143,ToussaintBrodeur@rhyta.com,Toussaint Brodeur,M,250
144,PorterSimard@armyspy.com,Porter Simard,M,250
145,JeromedeLaunay@fleckens.hu,Jeromede Launay,M,250
146,LowellPatel@rhyta.com,Lowell Patel,M,250
147,GarlandMarcheterre@fleckens.hu,Garland Marcheterre,F,250
148,OlivierAube@armyspy.com,Olivier Aube,M,250
149,FrontinoBrian@einrot.com,Frontino Brian,M,250
